insert into menu (id, name, preis) values (1, 'Pizza Hawai', 100);
insert into menu (id, name, preis) values (2, 'Doenner', 70);
insert into menu (id, name, preis) values (3, 'Bolognese', 12);
insert into menu (id, name, preis) values (4, 'Bolognese', 54);
insert into menu (id, name, preis) values (5, 'Penne', 82);
insert into menu (id, name, preis) values (6, 'Penne', 46);
insert into menu (id, name, preis) values (7, 'Pizza Hawai', 58);
insert into menu (id, name, preis) values (8, 'Bolognese', 80);
insert into menu (id, name, preis) values (9, 'Doenner', 90);
insert into menu (id, name, preis) values (10, 'Bolognese', 12);
insert into menu (id, name, preis) values (11, 'Doenner', 40);
insert into menu (id, name, preis) values (12, 'Doenner', 83);
insert into menu (id, name, preis) values (13, 'Bolognese', 47);
insert into menu (id, name, preis) values (14, 'Doenner', 22);
insert into menu (id, name, preis) values (15, 'Pizza Hawai', 84);
insert into menu (id, name, preis) values (16, 'Zürich Geschnetzeltes', 67);
insert into menu (id, name, preis) values (17, 'Zürich Geschnetzeltes', 86);
insert into menu (id, name, preis) values (18, 'Penne', 13);
insert into menu (id, name, preis) values (19, 'Doenner', 99);
insert into menu (id, name, preis) values (20, 'Penne', 51);
insert into zutat (id, kcal, name) values (1, 91, 'Schokolade');
insert into zutat (id, kcal, name) values (2, 71, 'Salz');
insert into zutat (id, kcal, name) values (3, 5, 'Schokolade');
insert into zutat (id, kcal, name) values (4, 39, 'Basilikum');
insert into zutat (id, kcal, name) values (5, 88, 'Zwiebel');
insert into zutat (id, kcal, name) values (6, 27, 'Basilikum');
insert into zutat (id, kcal, name) values (7, 38, 'Schinken');
insert into zutat (id, kcal, name) values (8, 18, 'Schinken');
insert into zutat (id, kcal, name) values (9, 93, 'Salz');
insert into zutat (id, kcal, name) values (10, 9, 'Schokolade');
insert into zutat (id, kcal, name) values (11, 15, 'Salz');
insert into zutat (id, kcal, name) values (12, 2, 'Zucker');
insert into zutat (id, kcal, name) values (13, 59, 'Schinken');
insert into zutat (id, kcal, name) values (14, 87, 'Schinken');
insert into zutat (id, kcal, name) values (15, 7, 'Zwiebel');
insert into zutat (id, kcal, name) values (16, 95, 'Schinken');
insert into zutat (id, kcal, name) values (17, 53, 'Zucker');
insert into zutat (id, kcal, name) values (18, 7, 'Zwiebel');
insert into zutat (id, kcal, name) values (19, 65, 'Schinken');
insert into zutat (id, kcal, name) values (20, 78, 'Schinken');
insert into restaurant (id, bewertung, name, standort) values (1, 2, 'Hecht', 'SG');
insert into restaurant (id, bewertung, name, standort) values (2, 3, 'Bären', 'AG');
insert into restaurant (id, bewertung, name, standort) values (3, 3, 'Bären', 'AI');
insert into restaurant (id, bewertung, name, standort) values (4, 4, 'Bären', 'ZH');
insert into restaurant (id, bewertung, name, standort) values (5, 4, 'Fuchs', 'AI');
insert into restaurant (id, bewertung, name, standort) values (6, 4, 'Hecht', 'AG');
insert into restaurant (id, bewertung, name, standort) values (7, 4, 'Hecht', 'SG');
insert into restaurant (id, bewertung, name, standort) values (8, 2, 'Traube', 'ZH');
insert into restaurant (id, bewertung, name, standort) values (9, 4, 'Bären', 'ZH');
insert into restaurant (id, bewertung, name, standort) values (10, 4, 'Traube', 'AG');
insert into restaurant (id, bewertung, name, standort) values (11, 2, 'Fuchs', 'SG');
insert into restaurant (id, bewertung, name, standort) values (12, 5, 'Fuchs', 'SG');
insert into restaurant (id, bewertung, name, standort) values (13, 1, 'Bären', 'SG');
insert into restaurant (id, bewertung, name, standort) values (14, 1, 'Bären', 'SG');
insert into restaurant (id, bewertung, name, standort) values (15, 5, 'Hecht', 'SG');
insert into restaurant (id, bewertung, name, standort) values (16, 5, 'Bären', 'AI');
insert into restaurant (id, bewertung, name, standort) values (17, 5, 'Traube', 'AG');
insert into restaurant (id, bewertung, name, standort) values (18, 2, 'Traube', 'AI');
insert into restaurant (id, bewertung, name, standort) values (19, 1, 'Bären', 'ZH');
insert into restaurant (id, bewertung, name, standort) values (20, 4, 'Hecht', 'AG');
insert into person (id, birthdate, mail, name, gruppe_id) values (1, '1991-01-26 18:23:34', 'mstutard0@elpais.com', 'Marsha', 15);
insert into person (id, birthdate, mail, name, gruppe_id) values (2, '1973-01-06 12:18:13', 'tmarrison1@dedecms.com', 'Tory', 7);
insert into person (id, birthdate, mail, name, gruppe_id) values (3, '1990-06-08 22:17:04', 'rstanger2@sina.com.cn', 'Rani', 16);
insert into person (id, birthdate, mail, name, gruppe_id) values (4, '1985-10-21 06:40:34', 'lyakobowitz3@linkedin.com', 'Ly', 5);
insert into person (id, birthdate, mail, name, gruppe_id) values (5, '1983-01-30 01:45:35', 'jbanford4@chicagotribune.com', 'Joice', 20);
insert into person (id, birthdate, mail, name, gruppe_id) values (6, '1970-11-25 15:44:14', 'kburrel5@reverbnation.com', 'Kimbra', 11);
insert into person (id, birthdate, mail, name, gruppe_id) values (7, '1980-01-26 20:04:08', 'mwharby6@fotki.com', 'Malinde', 14);
insert into person (id, birthdate, mail, name, gruppe_id) values (8, '1974-08-30 09:13:07', 'rscouler7@ftc.gov', 'Richmound', 12);
insert into person (id, birthdate, mail, name, gruppe_id) values (9, '1991-09-22 21:41:44', 'acapun8@sina.com.cn', 'Ainslee', 5);
insert into person (id, birthdate, mail, name, gruppe_id) values (10, '1971-11-07 12:49:44', 'lchild9@vimeo.com', 'Lesli', 8);
insert into person (id, birthdate, mail, name, gruppe_id) values (11, '1981-06-28 04:23:14', 'lmactrustiea@feedburner.com', 'Lay', 1);
insert into person (id, birthdate, mail, name, gruppe_id) values (12, '1975-11-19 22:06:27', 'jhorcheb@dot.gov', 'Johnathan', 20);
insert into person (id, birthdate, mail, name, gruppe_id) values (13, '1988-02-13 22:35:47', 'vconboyc@hexun.com', 'Valenka', 7);
insert into person (id, birthdate, mail, name, gruppe_id) values (14, '1997-10-03 03:26:06', 'pleftridged@over-blog.com', 'Paxton', 9);
insert into person (id, birthdate, mail, name, gruppe_id) values (15, '1973-11-02 14:19:49', 'dsullere@tmall.com', 'Darill', 3);
insert into person (id, birthdate, mail, name, gruppe_id) values (16, '1987-01-28 22:15:01', 'rkenefickf@4shared.com', 'Renault', 12);
insert into person (id, birthdate, mail, name, gruppe_id) values (17, '1970-11-06 12:01:37', 'tpringleyg@ovh.net', 'Theodoric', 5);
insert into person (id, birthdate, mail, name, gruppe_id) values (18, '1971-12-27 22:16:16', 'ahowsanh@weather.com', 'Anna-diane', 5);
insert into person (id, birthdate, mail, name, gruppe_id) values (19, '1973-07-13 10:23:19', 'mteaguei@meetup.com', 'Maye', 12);
insert into person (id, birthdate, mail, name, gruppe_id) values (20, '1975-05-20 17:30:08', 'lnetherwoodj@ft.com', 'Lucias', 14);
insert into reservation (id, reservationsdatum, gruppe_id, restaurant_id) values (1, '2022-01-06 13:35:04', 11, 8);
insert into reservation (id, reservationsdatum, gruppe_id, restaurant_id) values (2, '2021-12-24 20:30:55', 2, 5);
insert into reservation (id, reservationsdatum, gruppe_id, restaurant_id) values (3, '2020-09-16 20:42:36', 19, 12);
insert into reservation (id, reservationsdatum, gruppe_id, restaurant_id) values (4, '2022-05-01 14:55:04', 5, 4);
insert into reservation (id, reservationsdatum, gruppe_id, restaurant_id) values (5, '2021-04-14 17:54:19', 16, 17);
insert into reservation (id, reservationsdatum, gruppe_id, restaurant_id) values (6, '2020-12-12 17:25:25', 4, 1);
insert into reservation (id, reservationsdatum, gruppe_id, restaurant_id) values (7, '2021-11-11 05:13:28', 8, 12);
insert into reservation (id, reservationsdatum, gruppe_id, restaurant_id) values (8, '2021-03-03 22:39:23', 17, 10);
insert into reservation (id, reservationsdatum, gruppe_id, restaurant_id) values (9, '2021-08-03 17:48:28', 13, 4);
insert into reservation (id, reservationsdatum, gruppe_id, restaurant_id) values (10, '2021-05-08 13:27:35', 2, 18);
insert into reservation (id, reservationsdatum, gruppe_id, restaurant_id) values (11, '2020-10-27 07:11:46', 14, 20);
insert into reservation (id, reservationsdatum, gruppe_id, restaurant_id) values (12, '2021-01-04 23:31:20', 7, 19);
insert into reservation (id, reservationsdatum, gruppe_id, restaurant_id) values (13, '2021-07-31 01:08:11', 1, 1);
insert into reservation (id, reservationsdatum, gruppe_id, restaurant_id) values (14, '2022-04-10 02:13:17', 8, 17);
insert into reservation (id, reservationsdatum, gruppe_id, restaurant_id) values (15, '2020-12-13 01:16:28', 2, 2);
insert into reservation (id, reservationsdatum, gruppe_id, restaurant_id) values (16, '2021-07-05 21:37:19', 9, 9);
insert into reservation (id, reservationsdatum, gruppe_id, restaurant_id) values (17, '2021-07-24 01:15:44', 19, 14);
insert into reservation (id, reservationsdatum, gruppe_id, restaurant_id) values (18, '2022-04-13 14:41:55', 20, 11);
insert into reservation (id, reservationsdatum, gruppe_id, restaurant_id) values (19, '2022-01-07 05:40:05', 1, 13);
insert into reservation (id, reservationsdatum, gruppe_id, restaurant_id) values (20, '2021-12-16 12:48:31', 2, 5);
insert into gruppe (id, anzahl_personen, gruppe_name) values (1, 9, 'Beahan-Wilderman');
insert into gruppe (id, anzahl_personen, gruppe_name) values (2, 2, 'Smith and Sons');
insert into gruppe (id, anzahl_personen, gruppe_name) values (3, 7, 'Beer Group');
insert into gruppe (id, anzahl_personen, gruppe_name) values (4, 11, 'Connelly-Muller');
insert into gruppe (id, anzahl_personen, gruppe_name) values (5, 15, 'Koepp Group');
insert into gruppe (id, anzahl_personen, gruppe_name) values (6, 6, 'Kunze, Rempel and Mosciski');
insert into gruppe (id, anzahl_personen, gruppe_name) values (7, 12, 'Yost LLC');
insert into gruppe (id, anzahl_personen, gruppe_name) values (8, 7, 'Prosacco Inc');
insert into gruppe (id, anzahl_personen, gruppe_name) values (9, 5, 'Smitham LLC');
insert into gruppe (id, anzahl_personen, gruppe_name) values (10, 15, 'Cummerata Group');
insert into gruppe (id, anzahl_personen, gruppe_name) values (11, 5, 'Strosin, Miller and Zboncak');
insert into gruppe (id, anzahl_personen, gruppe_name) values (12, 12, 'Halvorson-Stiedemann');
insert into gruppe (id, anzahl_personen, gruppe_name) values (13, 7, 'West, Pollich and McDermott');
insert into gruppe (id, anzahl_personen, gruppe_name) values (14, 4, 'Rath-Moen');
insert into gruppe (id, anzahl_personen, gruppe_name) values (15, 8, 'Becker-Macejkovic');
insert into gruppe (id, anzahl_personen, gruppe_name) values (16, 6, 'Frami-Cronin');
insert into gruppe (id, anzahl_personen, gruppe_name) values (17, 5, 'Hammes Inc');
insert into gruppe (id, anzahl_personen, gruppe_name) values (18, 12, 'Kutch-Metz');
insert into gruppe (id, anzahl_personen, gruppe_name) values (19, 7, 'Jakubowski, Koepp and O''Connell');
insert into gruppe (id, anzahl_personen, gruppe_name) values (20, 8, 'Stracke LLC');
insert into menu_in_restaurant (menu_id, restaurant_id) values (8, 16);
insert into menu_in_restaurant (menu_id, restaurant_id) values (15, 11);
insert into menu_in_restaurant (menu_id, restaurant_id) values (14, 2);
insert into menu_in_restaurant (menu_id, restaurant_id) values (10, 10);
insert into menu_in_restaurant (menu_id, restaurant_id) values (20, 17);
insert into menu_in_restaurant (menu_id, restaurant_id) values (5, 17);
insert into menu_in_restaurant (menu_id, restaurant_id) values (20, 11);
insert into menu_in_restaurant (menu_id, restaurant_id) values (14, 11);
insert into menu_in_restaurant (menu_id, restaurant_id) values (5, 10);
insert into menu_in_restaurant (menu_id, restaurant_id) values (19, 11);
insert into menu_in_restaurant (menu_id, restaurant_id) values (2, 9);
insert into menu_in_restaurant (menu_id, restaurant_id) values (13, 11);
insert into menu_in_restaurant (menu_id, restaurant_id) values (4, 15);
insert into menu_in_restaurant (menu_id, restaurant_id) values (19, 16);
insert into menu_in_restaurant (menu_id, restaurant_id) values (10, 15);
insert into menu_in_restaurant (menu_id, restaurant_id) values (7, 8);
insert into menu_in_restaurant (menu_id, restaurant_id) values (6, 20);
insert into menu_in_restaurant (menu_id, restaurant_id) values (13, 20);
insert into menu_in_restaurant (menu_id, restaurant_id) values (3, 8);
insert into menu_in_restaurant (menu_id, restaurant_id) values (16, 4);
insert into menu_in_restaurant (menu_id, restaurant_id) values (4, 20);
insert into menu_in_restaurant (menu_id, restaurant_id) values (3, 2);
insert into menu_in_restaurant (menu_id, restaurant_id) values (19, 13);
insert into menu_in_restaurant (menu_id, restaurant_id) values (2, 4);
insert into menu_in_restaurant (menu_id, restaurant_id) values (12, 20);
insert into menu_in_restaurant (menu_id, restaurant_id) values (14, 7);
insert into menu_in_restaurant (menu_id, restaurant_id) values (10, 12);
insert into menu_in_restaurant (menu_id, restaurant_id) values (3, 11);
insert into menu_in_restaurant (menu_id, restaurant_id) values (1, 11);
insert into menu_in_restaurant (menu_id, restaurant_id) values (15, 16);
insert into menu_in_restaurant (menu_id, restaurant_id) values (20, 19);
insert into menu_in_restaurant (menu_id, restaurant_id) values (14, 5);
insert into menu_in_restaurant (menu_id, restaurant_id) values (15, 13);
insert into menu_in_restaurant (menu_id, restaurant_id) values (11, 1);
insert into menu_in_restaurant (menu_id, restaurant_id) values (18, 11);
insert into menu_in_restaurant (menu_id, restaurant_id) values (15, 3);
insert into menu_in_restaurant (menu_id, restaurant_id) values (7, 2);
insert into menu_in_restaurant (menu_id, restaurant_id) values (3, 20);
insert into menu_in_restaurant (menu_id, restaurant_id) values (16, 1);
insert into menu_in_restaurant (menu_id, restaurant_id) values (17, 15);
insert into zutaten_in_menu (menu_id, zutat_id) values (10, 18);
insert into zutaten_in_menu (menu_id, zutat_id) values (6, 6);
insert into zutaten_in_menu (menu_id, zutat_id) values (12, 9);
insert into zutaten_in_menu (menu_id, zutat_id) values (8, 7);
insert into zutaten_in_menu (menu_id, zutat_id) values (15, 9);
insert into zutaten_in_menu (menu_id, zutat_id) values (17, 13);
insert into zutaten_in_menu (menu_id, zutat_id) values (3, 7);
insert into zutaten_in_menu (menu_id, zutat_id) values (15, 8);
insert into zutaten_in_menu (menu_id, zutat_id) values (7, 11);
insert into zutaten_in_menu (menu_id, zutat_id) values (15, 20);
insert into zutaten_in_menu (menu_id, zutat_id) values (11, 13);
insert into zutaten_in_menu (menu_id, zutat_id) values (16, 10);
insert into zutaten_in_menu (menu_id, zutat_id) values (2, 20);
insert into zutaten_in_menu (menu_id, zutat_id) values (15, 1);
insert into zutaten_in_menu (menu_id, zutat_id) values (17, 4);
insert into zutaten_in_menu (menu_id, zutat_id) values (11, 8);
insert into zutaten_in_menu (menu_id, zutat_id) values (4, 17);
insert into zutaten_in_menu (menu_id, zutat_id) values (19, 19);
insert into zutaten_in_menu (menu_id, zutat_id) values (15, 10);
insert into zutaten_in_menu (menu_id, zutat_id) values (7, 6);
insert into zutaten_in_menu (menu_id, zutat_id) values (5, 13);
insert into zutaten_in_menu (menu_id, zutat_id) values (8, 17);
insert into zutaten_in_menu (menu_id, zutat_id) values (11, 2);
insert into zutaten_in_menu (menu_id, zutat_id) values (8, 6);
insert into zutaten_in_menu (menu_id, zutat_id) values (18, 7);
insert into zutaten_in_menu (menu_id, zutat_id) values (2, 15);
insert into zutaten_in_menu (menu_id, zutat_id) values (18, 4);
insert into zutaten_in_menu (menu_id, zutat_id) values (7, 7);
insert into zutaten_in_menu (menu_id, zutat_id) values (14, 16);
insert into zutaten_in_menu (menu_id, zutat_id) values (8, 14);
insert into zutaten_in_menu (menu_id, zutat_id) values (19, 7);
insert into zutaten_in_menu (menu_id, zutat_id) values (19, 5);
insert into zutaten_in_menu (menu_id, zutat_id) values (18, 6);
insert into zutaten_in_menu (menu_id, zutat_id) values (5, 20);
insert into zutaten_in_menu (menu_id, zutat_id) values (13, 20);
insert into zutaten_in_menu (menu_id, zutat_id) values (9, 13);
insert into zutaten_in_menu (menu_id, zutat_id) values (2, 2);
insert into zutaten_in_menu (menu_id, zutat_id) values (7, 8);
insert into zutaten_in_menu (menu_id, zutat_id) values (17, 2);
insert into zutaten_in_menu (menu_id, zutat_id) values (13, 7);
insert into imbiss (id, phone) values (1, '402-777-3285');
insert into imbiss (id, phone) values (2, '590-868-0474');
insert into imbiss (id, phone) values (3, '454-271-2587');
insert into imbiss (id, phone) values (4, '128-118-5254');
insert into imbiss (id, phone) values (5, '458-599-8891');

